MA31,MA51,MA101,MA3MA51,MA3MA101,MA5MA101,SD31,SD51,SD101,RSI31,RSI51,RSI101,K31,K51,K101,MA32,MA52,MA102,MA3MA52,MA3MA102,MA5MA102,SD32,SD52,SD102,RSI32,RSI52,RSI102,K32,K52,K102,MA33,MA53,MA103,MA3MA53,MA3MA103,MA5MA103,SD33,SD53,SD103,RSI33,RSI53,RSI103,K33,K53,K103,Y
-0.0442731879839501,-0.00821610554897352,0.00808626113029315,-1,-1,-1,0.0296703769092567,0.0602548670552833,0.0520596413570469,0,50.8854460825664,59.8693828971599,0,0,0.398161344961109,-0.0366910016520095,0.00530851190090326,0.0075811572332088,-1,-1,-1,0.0412702542449336,0.0655203410475438,0.0523395856787786,10.7683259945845,44.9861479212385,59.1402012165756,0,0,0.465113876901885,0.0165037033166058,0.0364843715816247,0.0107461815617847,-1,1,1,0.0639733968114501,0.0538528363793574,0.0475330484096054,52.0667976652183,57.0812415171495,64.0265857944798,0,0.691054652902636,0.799920498771621,-0.0437851919431226
-0.0447922765459359,-0.033907311124187,0.00549006350674466,-1,-1,-1,0.0296302988313817,0.0310627663164003,0.0541025780418253,0,13.7998527078183,56.3013504728154,0,0,0.19539890483563,-0.0442731879839501,-0.00821610554897352,0.00808626113029315,-1,-1,-1,0.0296703769092567,0.0602548670552833,0.0520596413570469,0,50.8854460825664,59.8693828971599,0,0,0.398161344961109,-0.0366910016520095,0.00530851190090326,0.0075811572332088,-1,-1,-1,0.0412702542449336,0.0655203410475438,0.0523395856787786,10.7683259945845,44.9861479212385,59.1402012165756,0,0,0.465113876901885,-0.0467043817803
-0.0353893108150688,-0.0446618275350546,-0.00124172524920938,1,-1,-1,0.0171324733078503,0.021012235553259,0.0561606548425053,0,0,58.7021236736353,0,0,0.00532604072186664,-0.0447922765459359,-0.033907311124187,0.00549006350674466,-1,-1,-1,0.0296302988313817,0.0310627663164003,0.0541025780418253,0,13.7998527078183,56.3013504728154,0,0,0.19539890483563,-0.0442731879839501,-0.00821610554897352,0.00808626113029315,-1,-1,-1,0.0296703769092567,0.0602548670552833,0.0520596413570469,0,50.8854460825664,59.8693828971599,0,0,0.398161344961109,0.01229382810161
-0.0260652485406042,-0.0337574766632995,0.00136344745916257,1,-1,-1,0.0332519847221007,0.0332022388766279,0.0561197724338534,21.3662218137277,21.3567509791431,51.4811942561276,0.258714407945606,0.110435337021373,0.0494378967570492,-0.0353893108150688,-0.0446618275350546,-0.00124172524920938,1,-1,-1,0.0171324733078503,0.021012235553259,0.0561606548425053,0,0,58.7021236736353,0,0,0.00532604072186664,-0.0447922765459359,-0.033907311124187,0.00549006350674466,-1,-1,-1,0.0296302988313817,0.0310627663164003,0.0541025780418253,0,13.7998527078183,56.3013504728154,0,0,0.19539890483563,-0.0116750278450224
-0.0153618605079042,-0.0211098264377238,-0.00790065726841026,1,-1,-1,0.0296713960512569,0.0245131284549979,0.048671296277496,29.6354414341133,29.4430732712401,49.891483627043,0.0500409355706423,0.00653564713030526,0.00247391860636722,-0.0260652485406042,-0.0337574766632995,0.00136344745916257,1,-1,-1,0.0332519847221007,0.0332022388766279,0.0561197724338534,21.3662218137277,21.3567509791431,51.4811942561276,0.258714407945606,0.110435337021373,0.0494378967570492,-0.0353893108150688,-0.0446618275350546,-0.00124172524920938,1,-1,-1,0.0171324733078503,0.021012235553259,0.0561606548425053,0,0,58.7021236736353,0,0,0.00532604072186664,0.196023505066942
0.0655474351078432,0.0212305463200214,0.00650722038552394,1,1,1,0.113629354208437,0.100694365345146,0.0797550277970546,89.9208706909124,75.3606855568672,65.6991833369469,1,1,0.868515021406427,-0.0153618605079042,-0.0211098264377238,-0.00790065726841026,1,-1,-1,0.0296713960512569,0.0245131284549979,0.048671296277496,29.6354414341133,29.4430732712401,49.891483627043,0.0500409355706423,0.00653564713030526,0.00247391860636722,-0.0260652485406042,-0.0337574766632995,0.00136344745916257,1,-1,-1,0.0332519847221007,0.0332022388766279,0.0561197724338534,21.3662218137277,21.3567509791431,51.4811942561276,0.258714407945606,0.110435337021373,0.0494378967570492,-0.123561766723134
0.0202622368329285,0.0052752313640191,-0.0143160398800839,1,1,1,0.162168671890154,0.118345181742653,0.084142794674896,74.3521812424001,63.2008787026475,58.3624594049558,0.347031907037524,0.34889185174168,0.303017814083953,0.0655474351078432,0.0212305463200214,0.00650722038552394,1,1,1,0.113629354208437,0.100694365345146,0.0797550277970546,89.9208706909124,75.3606855568672,65.6991833369469,1,1,0.868515021406427,-0.0153618605079042,-0.0211098264377238,-0.00790065726841026,1,-1,-1,0.0296713960512569,0.0245131284549979,0.048671296277496,29.6354414341133,29.4430732712401,49.891483627043,0.0500409355706423,0.00653564713030526,0.00247391860636722,-0.029562724451715
0.0142996712973643,0.00870356282973611,-0.0179791323526592,1,1,1,0.164245605137309,0.11669978991669,0.0839054244439977,71.912601666217,65.4707789237443,68.2237063322599,0,0.20240759022426,0.204679489563026,0.0202622368329285,0.0052752313640191,-0.0143160398800839,1,1,1,0.162168671890154,0.118345181742653,0.084142794674896,74.3521812424001,63.2008787026475,58.3624594049558,0.347031907037524,0.34889185174168,0.303017814083953,0.0655474351078432,0.0212305463200214,0.00650722038552394,1,1,1,0.113629354208437,0.100694365345146,0.0797550277970546,89.9208706909124,75.3606855568672,65.6991833369469,1,1,0.868515021406427,0.0265859308092346
-0.0421795201218715,0.011561983371261,-0.0110977466460192,-1,-1,1,0.075864816735459,0.116984400783041,0.0845153427336728,25.774503959234,66.9550830472857,61.3103759309431,0.897962060216861,0.332274739707355,0.33417671941371,0.0142996712973643,0.00870356282973611,-0.0179791323526592,1,1,1,0.164245605137309,0.11669978991669,0.0839054244439977,71.912601666217,65.4707789237443,68.2237063322599,0,0.20240759022426,0.204679489563026,0.0202622368329285,0.0052752313640191,-0.0143160398800839,1,1,1,0.162168671890154,0.118345181742653,0.084142794674896,74.3521812424001,63.2008787026475,58.3624594049558,0.347031907037524,0.34889185174168,0.303017814083953,0.0143592731839883
0.00379415984716931,0.0167688435770632,-0.00217049143033029,-1,1,1,0.0295276833965706,0.11626877190403,0.0816933747158056,40.9162954452878,50.780230078003,57.9805038004033,1,0.252583564728466,0.40556437919086,-0.0421795201218715,0.011561983371261,-0.0110977466460192,-1,-1,1,0.075864816735459,0.116984400783041,0.0845153427336728,25.774503959234,66.9550830472857,61.3103759309431,0.897962060216861,0.332274739707355,0.33417671941371,0.0142996712973643,0.00870356282973611,-0.0179791323526592,1,1,1,0.164245605137309,0.11669978991669,0.0839054244439977,71.912601666217,65.4707789237443,68.2237063322599,0,0.20240759022426,0.204679489563026,-0.029770042630764
0.00372505378748629,-0.028389865962478,-0.00357965982122832,1,1,-1,0.0296447955334855,0.0589720236796996,0.0820729231600207,40.7474609436794,25.1390519370642,56.7405929031941,0,0.268879816975982,0.258693381919399,0.00379415984716931,0.0167688435770632,-0.00217049143033029,-1,1,1,0.0295276833965706,0.11626877190403,0.0816933747158056,40.9162954452878,50.780230078003,57.9805038004033,1,0.252583564728466,0.40556437919086,-0.0421795201218715,0.011561983371261,-0.0110977466460192,-1,-1,1,0.075864816735459,0.116984400783041,0.0845153427336728,25.774503959234,66.9550830472857,61.3103759309431,0.897962060216861,0.332274739707355,0.33417671941371,-0.130256808137436
-0.0485558591947372,-0.0297288742453384,-0.0122268214406596,-1,-1,-1,0.0741156725812606,0.0616867425085982,0.0908641009028025,15.2154949491334,24.4685258631944,50.1585039123755,0,0,0,0.00372505378748629,-0.028389865962478,-0.00357965982122832,1,1,-1,0.0296447955334855,0.0589720236796996,0.0820729231600207,40.7474609436794,25.1390519370642,56.7405929031941,0,0.268879816975982,0.258693381919399,0.00379415984716931,0.0167688435770632,-0.00217049143033029,-1,1,1,0.0295276833965706,0.11626877190403,0.0816933747158056,40.9162954452878,50.780230078003,57.9805038004033,1,0.252583564728466,0.40556437919086,0.0363031183048286
-0.0412412441544571,-0.0165557056940297,-0.00392607143214677,-1,-1,-1,0.0838703977718659,0.0683987415660439,0.0911555397680013,31.2106233159025,24.3463908490047,46.7839754864845,0.265741009858623,0.213032247524726,0.118169170592281,-0.0485558591947372,-0.0297288742453384,-0.0122268214406596,-1,-1,-1,0.0741156725812606,0.0616867425085982,0.0908641009028025,15.2154949491334,24.4685258631944,50.1585039123755,0,0,0,0.00372505378748629,-0.028389865962478,-0.00357965982122832,1,1,-1,0.0296447955334855,0.0589720236796996,0.0820729231600207,40.7474609436794,25.1390519370642,56.7405929031941,0,0.268879816975982,0.258693381919399,-0.0473548615313677
-0.0471028504546583,-0.0313438641621501,-0.00989094039544454,-1,-1,-1,0.0832802491969147,0.0646287289775133,0.0919245886127832,29.0172025214118,26.8172940120461,52.4119065132625,0,0,0,-0.0412412441544571,-0.0165557056940297,-0.00392607143214677,-1,-1,-1,0.0838703977718659,0.0683987415660439,0.0911555397680013,31.2106233159025,24.3463908490047,46.7839754864845,0.265741009858623,0.213032247524726,0.118169170592281,-0.0485558591947372,-0.0297288742453384,-0.0122268214406596,-1,-1,-1,0.0741156725812606,0.0616867425085982,0.0908641009028025,15.2154949491334,24.4685258631944,50.1585039123755,0,0,0,-0.0146287743592667
-0.00856017252860192,-0.0371414736708011,-0.010186315046869,1,1,-1,0.0421578621813621,0.0606837015201774,0.0919357031151293,53.9462853042675,39.5434079795824,52.2147051604634,0,0,0,-0.0471028504546583,-0.0313438641621501,-0.00989094039544454,-1,-1,-1,0.0832802491969147,0.0646287289775133,0.0919245886127832,29.0172025214118,26.8172940120461,52.4119065132625,0,0,0,-0.0412412441544571,-0.0165557056940297,-0.00392607143214677,-1,-1,-1,0.0838703977718659,0.0683987415660439,0.0911555397680013,31.2106233159025,24.3463908490047,46.7839754864845,0.265741009858623,0.213032247524726,0.118169170592281,-0.0228862161046281
-0.0282899506650875,-0.0357647083655739,-0.032077287164026,1,1,-1,0.0170190909216361,0.0609701637687063,0.0566825590838271,0,40.2988351191536,31.1700301597863,0,0,0,-0.00856017252860192,-0.0371414736708011,-0.010186315046869,1,1,-1,0.0421578621813621,0.0606837015201774,0.0919357031151293,53.9462853042675,39.5434079795824,52.2147051604634,0,0,0,-0.0471028504546583,-0.0313438641621501,-0.00989094039544454,-1,-1,-1,0.0832802491969147,0.0646287289775133,0.0919245886127832,29.0172025214118,26.8172940120461,52.4119065132625,0,0,0,-0.0146959046204434
-0.0174036316947794,-0.0126525276621754,-0.0211907009537569,-1,1,1,0.00474817601572734,0.0304701352456551,0.0467424829421958,0,59.3240964758946,38.3991353153903,0,0,0,-0.0282899506650875,-0.0357647083655739,-0.032077287164026,1,1,-1,0.0170190909216361,0.0609701637687063,0.0566825590838271,0,40.2988351191536,31.1700301597863,0,0,0,-0.00856017252860192,-0.0371414736708011,-0.010186315046869,1,1,-1,0.0421578621813621,0.0606837015201774,0.0919357031151293,53.9462853042675,39.5434079795824,52.2147051604634,0,0,0,0.00780520429205241
-0.00992563881100635,-0.0183521104647307,-0.0174539080793802,1,1,-1,0.0158920545685873,0.0198315019073351,0.0474865746385543,29.3469943746628,23.8715766190132,32.9517615476311,0.529284100084575,0.1461949389022,0.0313201216070835,-0.0174036316947794,-0.0126525276621754,-0.0211907009537569,-1,1,1,0.00474817601572734,0.0304701352456551,0.0467424829421958,0,59.3240964758946,38.3991353153903,0,0,0,-0.0282899506650875,-0.0357647083655739,-0.032077287164026,1,1,-1,0.0170190909216361,0.0609701637687063,0.0566825590838271,0,40.2988351191536,31.1700301597863,0,0,0,0.0667318359096284
0.0199470451937458,0.00446522902346854,-0.0134393175693408,1,1,1,0.0420498211330287,0.0366337185056519,0.0530003518333622,71.7192970012344,68.1672823856666,41.9764435688972,1,1,0.30931527702945,-0.00992563881100635,-0.0183521104647307,-0.0174539080793802,1,1,-1,0.0158920545685873,0.0198315019073351,0.0474865746385543,29.3469943746628,23.8715766190132,32.9517615476311,0.529284100084575,0.1461949389022,0.0313201216070835,-0.0174036316947794,-0.0126525276621754,-0.0211907009537569,-1,1,1,0.00474817601572734,0.0304701352456551,0.0467424829421958,0,59.3240964758946,38.3991353153903,0,0,0,-0.12951670392248
-0.0183265545735997,-0.0185123568891741,-0.0278269152799876,1,1,1,0.100700168632521,0.0712650816408248,0.0631686489979293,22.3452169213919,40.0874157365923,39.9278251691428,0,0,0,0.0199470451937458,0.00446522902346854,-0.0134393175693408,1,1,1,0.0420498211330287,0.0366337185056519,0.0530003518333622,71.7192970012344,68.1672823856666,41.9764435688972,1,1,0.30931527702945,-0.00992563881100635,-0.0183521104647307,-0.0174539080793802,1,1,-1,0.0158920545685873,0.0198315019073351,0.0474865746385543,29.3469943746628,23.8715766190132,32.9517615476311,0.529284100084575,0.1461949389022,0.0313201216070835,0.0696684066269727
0.00229451287137375,-1.43234285394922E-06,-0.0178830703542139,1,1,1,0.114161304812102,0.0811761852656768,0.0702576729512905,34.4938379434796,39.9988081169977,42.9712646035168,0.521793332087643,0.521793332087642,0.431722457754538,-0.0183265545735997,-0.0185123568891741,-0.0278269152799876,1,1,1,0.100700168632521,0.0712650816408248,0.0631686489979293,22.3452169213919,40.0874157365923,39.9278251691428,0,0,0,0.0199470451937458,0.00446522902346854,-0.0134393175693408,1,1,1,0.0420498211330287,0.0366337185056519,0.0530003518333622,71.7192970012344,68.1672823856666,41.9764435688972,1,1,0.30931527702945,0.00605180912752212
-0.0179321627226617,0.00414811040673916,-0.00425220862771814,-1,-1,1,0.101735442425107,0.08076650436409,0.0582258849225621,22.619685170338,22.4826939999466,44.8847805474952,1,0.56885888238706,0.470663651137634,0.00229451287137375,-1.43234285394922E-06,-0.0178830703542139,1,1,1,0.114161304812102,0.0811761852656768,0.0702576729512905,34.4938379434796,39.9988081169977,42.9712646035168,0.521793332087643,0.521793332087642,0.431722457754538,-0.0183265545735997,-0.0185123568891741,-0.0278269152799876,1,1,1,0.100700168632521,0.0712650816408248,0.0631686489979293,22.3452169213919,40.0874157365923,39.9278251691428,0,0,0,-0.115208876805082
-0.0131628870168623,-0.0204547058126877,-0.0194034081387092,1,1,-1,0.0939244690868403,0.0965649213479468,0.0657295319043936,24.7340164670329,27.9569677502284,39.563787266906,0,0,0,-0.0179321627226617,0.00414811040673916,-0.00425220862771814,-1,-1,1,0.101735442425107,0.08076650436409,0.0582258849225621,22.619685170338,22.4826939999466,44.8847805474952,1,0.56885888238706,0.470663651137634,0.00229451287137375,-1.43234285394922E-06,-0.0178830703542139,1,1,1,0.114161304812102,0.0811761852656768,0.0702576729512905,34.4938379434796,39.9988081169977,42.9712646035168,0.521793332087643,0.521793332087642,0.431722457754538,0.0374302812337678
-0.0239089288145973,-0.0263150167478598,-0.0109248938621956,1,-1,-1,0.0806096303504084,0.0906595259560837,0.0671757849368117,15.8751789452723,23.5612951198083,38.7284847953313,0.312343832142561,0.312343832142561,0.207138127656151,-0.0131628870168623,-0.0204547058126877,-0.0194034081387092,1,1,-1,0.0939244690868403,0.0965649213479468,0.0657295319043936,24.7340164670329,27.9569677502284,39.563787266906,0,0,0,-0.0179321627226617,0.00414811040673916,-0.00425220862771814,-1,-1,1,0.101735442425107,0.08076650436409,0.0582258849225621,22.619685170338,22.4826939999466,44.8847805474952,1,0.56885888238706,0.470663651137634,-0.0371115991261474
-0.0382967315658204,-0.0078339957885933,-0.0131731763388837,-1,-1,1,0.0763264799782939,0.0718241530809901,0.067687806055765,32.9519413218523,33.1206556611469,37.0114388549306,0.00835700301565526,0.00261025834713683,0.00173105395747924,-0.0239089288145973,-0.0263150167478598,-0.0109248938621956,1,-1,-1,0.0806096303504084,0.0906595259560837,0.0671757849368117,15.8751789452723,23.5612951198083,38.7284847953313,0.312343832142561,0.312343832142561,0.207138127656151,-0.0131628870168623,-0.0204547058126877,-0.0194034081387092,1,1,-1,0.0939244690868403,0.0965649213479468,0.0657295319043936,24.7340164670329,27.9569677502284,39.563787266906,0,0,0,0.0331626835764532
0.0111604552280246,-0.0151351403986972,-0.00756828637077557,1,1,-1,0.0418592465426729,0.0633293131947873,0.069099986054704,48.7466062608956,25.1190991882308,33.1781373650537,0.891820561493017,0.278837028042609,0.184917305758066,-0.0382967315658204,-0.0078339957885933,-0.0131731763388837,-1,-1,1,0.0763264799782939,0.0718241530809901,0.067687806055765,32.9519413218523,33.1206556611469,37.0114388549306,0.00835700301565526,0.00261025834713683,0.00173105395747924,-0.0239089288145973,-0.0263150167478598,-0.0109248938621956,1,-1,-1,0.0806096303504084,0.0906595259560837,0.0671757849368117,15.8751789452723,23.5612951198083,38.7284847953313,0.312343832142561,0.312343832142561,0.207138127656151,-0.0326778597753479
-0.0122089251083473,-0.0228810741792712,-0.00936648188626602,1,-1,-1,0.0393554528260406,0.0624525226895,0.0695386585675509,48.7275112311409,36.4021638006566,31.8860752312307,0.0143819727503108,0.0210759539468007,0.00436563363910754,0.0111604552280246,-0.0151351403986972,-0.00756828637077557,1,1,-1,0.0418592465426729,0.0633293131947873,0.069099986054704,48.7466062608956,25.1190991882308,33.1781373650537,0.891820561493017,0.278837028042609,0.184917305758066,-0.0382967315658204,-0.0078339957885933,-0.0131731763388837,-1,-1,1,0.0763264799782939,0.0718241530809901,0.067687806055765,32.9519413218523,33.1206556611469,37.0114388549306,0.00835700301565526,0.00261025834713683,0.00173105395747924,0.0304366027492865
0.0103071421834639,0.00624802173160245,-0.00710334204054261,1,1,1,0.0372510493035881,0.0376732688837625,0.0705209393955323,49.3189743922624,49.1117218251794,34.0412718283348,0.930364924415945,0.83061171844569,0.172344576423234,-0.0122089251083473,-0.0228810741792712,-0.00936648188626602,1,-1,-1,0.0393554528260406,0.0624525226895,0.0695386585675509,48.7275112311409,36.4021638006566,31.8860752312307,0.0143819727503108,0.0210759539468007,0.00436563363910754,0.0111604552280246,-0.0151351403986972,-0.00756828637077557,1,1,-1,0.0418592465426729,0.0633293131947873,0.069099986054704,48.7466062608956,25.1190991882308,33.1781373650537,0.891820561493017,0.278837028042609,0.184917305758066,-0.0327790229045527
-0.011673426643538,-0.00779383909606165,-0.0170544279219607,-1,1,1,0.0364683902865631,0.0362008576604467,0.0658079630623652,48.1858331425954,48.1892089534961,33.7280524739527,0,0,0,0.0103071421834639,0.00624802173160245,-0.00710334204054261,1,1,1,0.0372510493035881,0.0376732688837625,0.0705209393955323,49.3189743922624,49.1117218251794,34.0412718283348,0.930364924415945,0.83061171844569,0.172344576423234,-0.0122089251083473,-0.0228810741792712,-0.00936648188626602,1,-1,-1,0.0393554528260406,0.0624525226895,0.0695386585675509,48.7275112311409,36.4021638006566,31.8860752312307,0.0143819727503108,0.0210759539468007,0.00436563363910754,0.017576569350134
0.00507804973162257,0.00314379459919461,-0.00234510059469935,1,1,1,0.0334097826420993,0.0332715185958455,0.0530870264193054,42.2758274355144,45.2583194499409,37.2992688909507,0.532136544242293,0.497519426245804,0.14318900035759,-0.011673426643538,-0.00779383909606165,-0.0170544279219607,-1,1,1,0.0364683902865631,0.0362008576604467,0.0658079630623652,48.1858331425954,48.1892089534961,33.7280524739527,0,0,0,0.0103071421834639,0.00624802173160245,-0.00710334204054261,1,1,1,0.0372510493035881,0.0376732688837625,0.0705209393955323,49.3189743922624,49.1117218251794,34.0412718283348,0.930364924415945,0.83061171844569,0.172344576423234,0.0745401365987792
0.0197792276814535,0.0114192852036598,-0.0018579275975187,1,1,1,0.0536934751801259,0.0455023654068238,0.0538383511253168,58.4219762021782,55.5196465562677,37.8801433394244,1,1,0.779198447035338,0.00507804973162257,0.00314379459919461,-0.00234510059469935,1,1,1,0.0334097826420993,0.0332715185958455,0.0530870264193054,42.2758274355144,45.2583194499409,37.2992688909507,0.532136544242293,0.497519426245804,0.14318900035759,-0.011673426643538,-0.00779383909606165,-0.0170544279219607,-1,1,1,0.0364683902865631,0.0362008576604467,0.0658079630623652,48.1858331425954,48.1892089534961,33.7280524739527,0,0,0,0.00374603483119899
0.031954246926704,0.0187040641249692,-0.00208850502715101,1,1,1,0.0375231851078967,0.0391498454236462,0.0538056391792291,99.009900990099,49.0644018518062,37.6065647214854,1,1,1,0.0197792276814535,0.0114192852036598,-0.0018579275975187,1,1,1,0.0536934751801259,0.0455023654068238,0.0538383511253168,58.4219762021782,55.5196465562677,37.8801433394244,1,1,0.779198447035338,0.00507804973162257,0.00314379459919461,-0.00234510059469935,1,1,1,0.0334097826420993,0.0332715185958455,0.0530870264193054,42.2758274355144,45.2583194499409,37.2992688909507,0.532136544242293,0.497519426245804,0.14318900035759,0.0320284054492005
0.0367715256263929,0.019022424664952,0.0126352231982772,1,1,1,0.0356345913829679,0.0392753753284675,0.03690119631918,99.009900990099,49.3774410677286,48.8888620801563,1,1,1,0.031954246926704,0.0187040641249692,-0.00208850502715101,1,1,1,0.0375231851078967,0.0391498454236462,0.0538056391792291,99.009900990099,49.0644018518062,37.6065647214854,1,1,1,0.0197792276814535,0.0114192852036598,-0.0018579275975187,1,1,1,0.0536934751801259,0.0455023654068238,0.0538383511253168,58.4219762021782,55.5196465562677,37.8801433394244,1,1,0.779198447035338,-0.0222269625147068
0.00451582592189756,0.0211328367429212,0.00666949882342975,-1,-1,1,0.0271358742620767,0.0359377002793551,0.0372677445053087,44.5907630577433,58.9906542091814,50.5673953248645,0.302629562692292,0.789542722888748,0.816896211914875,0.0367715256263929,0.019022424664952,0.0126352231982772,1,1,1,0.0356345913829679,0.0392753753284675,0.03690119631918,99.009900990099,49.3774410677286,48.8888620801563,1,1,1,0.031954246926704,0.0187040641249692,-0.00208850502715101,1,1,1,0.0375231851078967,0.0391498454236462,0.0538056391792291,99.009900990099,49.0644018518062,37.6065647214854,1,1,1,0.0699694946864674
0.0265903125403204,0.0316114218101878,0.0173776082046912,-1,1,1,0.0463381734747518,0.0418014401717849,0.0386486048303547,69.6460423219002,66.9723186630931,56.1005910667068,1,1,1,0.00451582592189756,0.0211328367429212,0.00666949882342975,-1,-1,1,0.0271358742620767,0.0359377002793551,0.0372677445053087,44.5907630577433,58.9906542091814,50.5673953248645,0.302629562692292,0.789542722888748,0.816896211914875,0.0367715256263929,0.019022424664952,0.0126352231982772,1,1,1,0.0356345913829679,0.0392753753284675,0.03690119631918,99.009900990099,49.3774410677286,48.8888620801563,1,1,1,-0.0443597756766989
0.00112758549835389,0.00783143935509223,0.00962536227937602,-1,-1,-1,0.0606372138221592,0.0449743039637895,0.0426937345040965,67.7586231135966,51.4258613962359,53.5453164796954,0.357920648410352,0.434080648342236,0.730620301409317,0.0265903125403204,0.0316114218101878,0.0173776082046912,-1,1,1,0.0463381734747518,0.0418014401717849,0.0386486048303547,69.6460423219002,66.9723186630931,56.1005910667068,1,1,1,0.00451582592189756,0.0211328367429212,0.00666949882342975,-1,-1,1,0.0271358742620767,0.0359377002793551,0.0372677445053087,44.5907630577433,58.9906542091814,50.5673953248645,0.302629562692292,0.789542722888748,0.816896211914875,-0.0460006565268593
-0.00679697917236362,-0.00211789891651943,0.00829308260422487,-1,-1,-1,0.0664867787912006,0.0511786318320798,0.0443367622406416,60.7639343663981,57.6076529873111,51.1479432160642,0,0,0.463614488855682,0.00112758549835389,0.00783143935509223,0.00962536227937602,-1,-1,-1,0.0606372138221592,0.0449743039637895,0.0426937345040965,67.7586231135966,51.4258613962359,53.5453164796954,0.357920648410352,0.434080648342236,0.730620301409317,0.0265903125403204,0.0316114218101878,0.0173776082046912,-1,1,1,0.0463381734747518,0.0418014401717849,0.0386486048303547,69.6460423219002,66.9723186630931,56.1005910667068,1,1,1,0.0847620712487746
-0.00186612031826123,0.00842883424339538,0.0137256294541737,-1,-1,-1,0.0750267006013352,0.0638416021046779,0.0502811887300756,65.2305519450389,67.3361247337308,56.4486372375841,1,0.935383820987871,0.965340817792387,-0.00679697917236362,-0.00211789891651943,0.00829308260422487,-1,-1,-1,0.0664867787912006,0.0511786318320798,0.0443367622406416,60.7639343663981,57.6076529873111,51.1479432160642,0,0,0.463614488855682,0.00112758549835389,0.00783143935509223,0.00962536227937602,-1,-1,-1,0.0606372138221592,0.0449743039637895,0.0426937345040965,67.7586231135966,51.4258613962359,53.5453164796954,0.357920648410352,0.434080648342236,0.730620301409317,-0.0545975873431236
-0.00527872420706947,0.00195470927771202,0.0115437730103166,-1,-1,-1,0.0780960014316083,0.0691483570121865,0.0529271572258554,62.7582721955123,61.5552431615679,52.985116986522,0.346198423689833,0.323828404370977,0.600407705866499,-0.00186612031826123,0.00842883424339538,0.0137256294541737,-1,-1,-1,0.0750267006013352,0.0638416021046779,0.0502811887300756,65.2305519450389,67.3361247337308,56.4486372375841,1,0.935383820987871,0.965340817792387,-0.00679697917236362,-0.00211789891651943,0.00829308260422487,-1,-1,-1,0.0664867787912006,0.0511786318320798,0.0443367622406416,60.7639343663981,57.6076529873111,51.1479432160642,0,0,0.463614488855682,-0.01466709027395
0.00516579787723364,-0.0149726077143715,0.00831940704790819,1,-1,-1,0.0717654944943991,0.0577572159849386,0.0534978765019149,70.9933331117322,67.9900489017232,59.3079439186396,0,0.17655938764517,0.165150794646818,-0.00527872420706947,0.00195470927771202,0.0115437730103166,-1,-1,-1,0.0780960014316083,0.0691483570121865,0.0529271572258554,62.7582721955123,61.5552431615679,52.985116986522,0.346198423689833,0.323828404370977,0.600407705866499,-0.00186612031826123,0.00842883424339538,0.0137256294541737,-1,-1,-1,0.0750267006013352,0.0638416021046779,0.0502811887300756,65.2305519450389,67.3361247337308,56.4486372375841,1,0.935383820987871,0.965340817792387,0.0578126008815531
-0.00381735891184019,0.00546186759727893,0.00664665347618558,-1,-1,-1,0.056985086708272,0.0626295178739972,0.0514183444139187,62.537334196293,64.978499408578,57.7256003186382,1,0.85988839016001,0.804325688010981,0.00516579787723364,-0.0149726077143715,0.00831940704790819,1,-1,-1,0.0717654944943991,0.0577572159849386,0.0534978765019149,70.9933331117322,67.9900489017232,59.3079439186396,0,0.17655938764517,0.165150794646818,-0.00527872420706947,0.00195470927771202,0.0115437730103166,-1,-1,-1,0.0780960014316083,0.0691483570121865,0.0529271572258554,62.7582721955123,61.5552431615679,52.985116986522,0.346198423689833,0.323828404370977,0.600407705866499,0.161852037972528
0.0683325161933771,0.0470324064971565,0.0224572537903185,1,1,1,0.0887285304896353,0.0849393482361947,0.0710048216247136,88.2191487420094,74.5552340764192,69.0873227305749,1,1,1,-0.00381735891184019,0.00546186759727893,0.00664665347618558,-1,-1,-1,0.056985086708272,0.0626295178739972,0.0514183444139187,62.537334196293,64.978499408578,57.7256003186382,1,0.85988839016001,0.804325688010981,0.00516579787723364,-0.0149726077143715,0.00831940704790819,1,-1,-1,0.0717654944943991,0.0577572159849386,0.0534978765019149,70.9933331117322,67.9900489017232,59.3079439186396,0,0.17655938764517,0.165150794646818,-0.0581187042701704
0.0538486448613037,0.0184562513933675,0.0134425428183814,1,1,1,0.110038932070421,0.0927483379984682,0.0752502419190126,65.3954450584659,72.1188743117505,70.0622218384291,0.622157897538381,0.713698687056326,0.73056496787765,0.0683325161933771,0.0470324064971565,0.0224572537903185,1,1,1,0.0887285304896353,0.0849393482361947,0.0710048216247136,88.2191487420094,74.5552340764192,69.0873227305749,1,1,1,-0.00381735891184019,0.00546186759727893,0.00664665347618558,-1,-1,-1,0.056985086708272,0.0626295178739972,0.0514183444139187,62.537334196293,64.978499408578,57.7256003186382,1,0.85988839016001,0.804325688010981,0.0890048507942725
0.0642460614988768,0.0471767390208467,0.0245657241492794,1,1,1,0.112055923967594,0.0864941129230822,0.0775768345481255,68.3358174199348,73.8712057011914,68.032672081214,1,1,1,0.0538486448613037,0.0184562513933675,0.0134425428183814,1,1,1,0.110038932070421,0.0927483379984682,0.0752502419190126,65.3954450584659,72.1188743117505,70.0622218384291,0.622157897538381,0.713698687056326,0.73056496787765,0.0683325161933771,0.0470324064971565,0.0224572537903185,1,1,1,0.0887285304896353,0.0849393482361947,0.0710048216247136,88.2191487420094,74.5552340764192,69.0873227305749,1,1,1,-0.0427811450131055
-0.00396499949633448,0.0415539280730156,0.0132906601793221,-1,-1,1,0.0808786435240132,0.0922423546217387,0.0784334927454682,63.8234513777383,67.0992530292575,69.374228011631,0.508225670603841,0.761104203315491,0.820722011575144,0.0642460614988768,0.0471767390208467,0.0245657241492794,1,1,1,0.112055923967594,0.0864941129230822,0.0775768345481255,68.3358174199348,73.8712057011914,68.032672081214,1,1,1,0.0538486448613037,0.0184562513933675,0.0134425428183814,1,1,1,0.110038932070421,0.0927483379984682,0.0752502419190126,65.3954450584659,72.1188743117505,70.0622218384291,0.622157897538381,0.713698687056326,0.73056496787765,0.00356953367923014
0.016597746486799,0.030705314632551,0.018083591114915,-1,-1,1,0.0668519851571742,0.093038453948777,0.0759440735269409,51.9681782168059,62.7011699359132,64.7460744039888,0.0818109618596383,0.54845820150962,0.835388916248443,-0.00396499949633448,0.0415539280730156,0.0132906601793221,-1,-1,1,0.0808786435240132,0.0922423546217387,0.0784334927454682,63.8234513777383,67.0992530292575,69.374228011631,0.508225670603841,0.761104203315491,0.820722011575144,0.0642460614988768,0.0471767390208467,0.0245657241492794,1,1,1,0.112055923967594,0.0864941129230822,0.0775768345481255,68.3358174199348,73.8712057011914,68.032672081214,1,1,1,-0.0132479669929574
-0.0174865261089443,-0.00431468636054615,0.0213588600683052,-1,-1,-1,0.023464236432171,0.0575000896255189,0.0735414641963392,11.3016829522076,54.8839610542326,68.3996898871893,0,0.399859023433247,0.769400472181474,0.016597746486799,0.030705314632551,0.018083591114915,-1,-1,1,0.0668519851571742,0.093038453948777,0.0759440735269409,51.9681782168059,62.7011699359132,64.7460744039888,0.0818109618596383,0.54845820150962,0.835388916248443,-0.00396499949633448,0.0415539280730156,0.0132906601793221,-1,-1,1,0.0808786435240132,0.0922423546217387,0.0784334927454682,63.8234513777383,67.0992530292575,69.374228011631,0.508225670603841,0.761104203315491,0.820722011575144,-0.0193690615058854
-0.00968249827320422,0.00343524219231087,0.0109457467928392,-1,-1,-1,0.011877677073414,0.0506371803438351,0.0708908313552561,17.957164063807,64.8099218664471,69.7855100145807,0,0,0.687270477210849,-0.0174865261089443,-0.00431468636054615,0.0213588600683052,-1,-1,-1,0.023464236432171,0.0575000896255189,0.0735414641963392,11.3016829522076,54.8839610542326,68.3996898871893,0,0.399859023433247,0.769400472181474,0.016597746486799,0.030705314632551,0.018083591114915,-1,-1,1,0.0668519851571742,0.093038453948777,0.0759440735269409,51.9681782168059,62.7011699359132,64.7460744039888,0.0818109618596383,0.54845820150962,0.835388916248443,-0.143191091407154
-0.0586027066353321,-0.0430039462479744,0.00208639638643618,-1,-1,-1,0.0733195954587744,0.0584179527334347,0.0842660766570538,0,6.13144422071858,61.6477326275935,0,0,0.127030748412645,-0.00968249827320422,0.00343524219231087,0.0109457467928392,-1,-1,-1,0.011877677073414,0.0506371803438351,0.0708908313552561,17.957164063807,64.8099218664471,69.7855100145807,0,0,0.687270477210849,-0.0174865261089443,-0.00431468636054615,0.0213588600683052,-1,-1,-1,0.023464236432171,0.0575000896255189,0.0735414641963392,11.3016829522076,54.8839610542326,68.3996898871893,0,0.399859023433247,0.769400472181474,0.015992055504575
-0.048856032469488,-0.0312493061444382,0.00515231096428868,-1,-1,-1,0.0835878559219968,0.0641097683056988,0.0841464561839095,16.4405315090362,14.3028572921435,54.2585372701104,0.104713104128487,0.0838701086027712,0.0672010393858552,-0.0586027066353321,-0.0430039462479744,0.00208639638643618,-1,-1,-1,0.0733195954587744,0.0584179527334347,0.0842660766570538,0,6.13144422071858,61.6477326275935,0,0,0.127030748412645,-0.00968249827320422,0.00343524219231087,0.0109457467928392,-1,-1,-1,0.011877677073414,0.0506371803438351,0.0708908313552561,17.957164063807,64.8099218664471,69.7855100145807,0,0,0.687270477210849,-0.0355226459417112
-0.0542405606147633,-0.0390677420686265,-0.00418121371803775,-1,-1,-1,0.0812255428572871,0.0611157093014861,0.0828223225075986,15.1800843048018,23.2359088982319,56.5052599951938,0,0,0,-0.048856032469488,-0.0312493061444382,0.00515231096428868,-1,-1,-1,0.0835878559219968,0.0641097683056988,0.0841464561839095,16.4405315090362,14.3028572921435,54.2585372701104,0.104713104128487,0.0838701086027712,0.0672010393858552,-0.0586027066353321,-0.0430039462479744,0.00208639638643618,-1,-1,-1,0.0733195954587744,0.0584179527334347,0.0842660766570538,0,6.13144422071858,61.6477326275935,0,0,0.127030748412645,0.0366590166768821
0.00570947541324864,-0.0290863453346586,-0.0167005158476024,1,1,-1,0.0371731986059448,0.069839565246057,0.0617066432977017,42.5647694493601,28.5052975068276,41.0962095742717,1,0.211303411768754,0.141254565284536,-0.0542405606147633,-0.0390677420686265,-0.00418121371803775,-1,-1,-1,0.0812255428572871,0.0611157093014861,0.0828223225075986,15.1800843048018,23.2359088982319,56.5052599951938,0,0,0,-0.048856032469488,-0.0312493061444382,0.00515231096428868,-1,-1,-1,0.0835878559219968,0.0641097683056988,0.0841464561839095,16.4405315090362,14.3028572921435,54.2585372701104,0.104713104128487,0.0838701086027712,0.0672010393858552,0.000754383420488777
0.00063025138521989,-0.0250616563493838,-0.0108132070785365,1,1,-1,0.0360909914129239,0.0711078623914427,0.0601036064498045,34.4955295090562,16.6125761687981,36.4865908216899,1,1,0.144216078843353,0.00570947541324864,-0.0290863453346586,-0.0167005158476024,1,1,-1,0.0371731986059448,0.069839565246057,0.0617066432977017,42.5647694493601,28.5052975068276,41.0962095742717,1,0.211303411768754,0.141254565284536,-0.0542405606147633,-0.0390677420686265,-0.00418121371803775,-1,-1,-1,0.0812255428572871,0.0611157093014861,0.0828223225075986,15.1800843048018,23.2359088982319,56.5052599951938,0,0,0,0.105146056620031
0.0475198189058006,0.0246057732560531,-0.00919908649596062,1,1,1,0.053036526348751,0.0521788502343715,0.0632181794193906,99.009900990099,52.7376286745526,38.9495937953561,1,1,0.710271332221903,0.00063025138521989,-0.0250616563493838,-0.0108132070785365,1,1,-1,0.0360909914129239,0.0711078623914427,0.0601036064498045,34.4955295090562,16.6125761687981,36.4865908216899,1,1,0.144216078843353,0.00570947541324864,-0.0290863453346586,-0.0167005158476024,1,1,-1,0.0371731986059448,0.069839565246057,0.0617066432977017,42.5647694493601,28.5052975068276,41.0962095742717,1,0.211303411768754,0.141254565284536,-0.110109799335185
-0.00140311976488838,-0.000614597711898851,-0.0159319519281685,-1,1,1,0.107644145199585,0.0802874265582745,0.0703726165367922,32.4728405096266,39.4892654735756,33.5264508565407,0,0.215256066944664,0.152890213437634,0.0475198189058006,0.0246057732560531,-0.00919908649596062,1,1,1,0.053036526348751,0.0521788502343715,0.0632181794193906,99.009900990099,52.7376286745526,38.9495937953561,1,1,0.710271332221903,0.00063025138521989,-0.0250616563493838,-0.0108132070785365,1,1,-1,0.0360909914129239,0.0711078623914427,0.0601036064498045,34.4955295090562,16.6125761687981,36.4865908216899,1,1,0.144216078843353,-0.021598698934584
-0.0088541472165793,0.00217019168952661,-0.01844877518955,-1,1,1,0.108192368398251,0.0790051720874317,0.0700469735340811,61.4888120555355,41.9141870156303,40.9435309226145,0,0,0.0546258596372703,-0.00140311976488838,-0.000614597711898851,-0.0159319519281685,-1,1,1,0.107644145199585,0.0802874265582745,0.0703726165367922,32.4728405096266,39.4892654735756,33.5264508565407,0,0.215256066944664,0.152890213437634,0.0475198189058006,0.0246057732560531,-0.00919908649596062,1,1,1,0.053036526348751,0.0521788502343715,0.0632181794193906,99.009900990099,52.7376286745526,38.9495937953561,1,1,0.710271332221903,0.0614386671016629
-0.0234232770560353,0.00712612177448276,-0.0109801117800879,-1,-1,1,0.0857887865527863,0.0824131903579374,0.0745030590052472,48.2655821848656,45.8586617352213,40.014112651608,1,0.450115044982308,0.424237449390274,-0.0088541472165793,0.00217019168952661,-0.01844877518955,-1,1,1,0.108192368398251,0.0790051720874317,0.0700469735340811,61.4888120555355,41.9141870156303,40.9435309226145,0,0,0.0546258596372703,-0.00140311976488838,-0.000614597711898851,-0.0159319519281685,-1,1,1,0.107644145199585,0.0802874265582745,0.0703726165367922,32.4728405096266,39.4892654735756,33.5264508565407,0,0.215256066944664,0.152890213437634,0.135799022860129
0.0585463303424028,0.0341350496624109,0.00453669665651355,1,1,1,0.0787387129402572,0.100045541224688,0.0875737014417642,82.0336547968663,60.4832217485263,43.3137853049105,1,1,1,-0.0234232770560353,0.00712612177448276,-0.0109801117800879,-1,-1,1,0.0857887865527863,0.0824131903579374,0.0745030590052472,48.2655821848656,45.8586617352213,40.014112651608,1,0.450115044982308,0.424237449390274,-0.0088541472165793,0.00217019168952661,-0.01844877518955,-1,1,1,0.108192368398251,0.0790051720874317,0.0700469735340811,61.4888120555355,41.9141870156303,40.9435309226145,0,0,0.0546258596372703,-0.0556994174577469
0.0471794241680151,0.00196595484685532,0.0132858640514542,1,1,-1,0.0965422584562087,0.0973265846815881,0.0745816401552739,63.9061400915572,61.2204217654302,51.549827821147,0.573351818737583,0.697345044012483,0.711619407062817,0.0585463303424028,0.0341350496624109,0.00453669665651355,1,1,1,0.0787387129402572,0.100045541224688,0.0875737014417642,82.0336547968663,60.4832217485263,43.3137853049105,1,1,1,-0.0234232770560353,0.00712612177448276,-0.0109801117800879,-1,-1,1,0.0857887865527863,0.0824131903579374,0.0745030590052472,48.2655821848656,45.8586617352213,40.014112651608,1,0.450115044982308,0.424237449390274,-0.103793140396641
-0.00789784499808601,0.00322928663456418,0.00130734446133267,-1,-1,1,0.126747165336061,0.0955325701768118,0.0832179934662394,63.0025436574448,62.031220203058,50.9807228564524,0,0.176424832561458,0.21526778129461,0.0471794241680151,0.00196595484685532,0.0132858640514542,1,1,-1,0.0965422584562087,0.0973265846815881,0.0745816401552739,63.9061400915572,61.2204217654302,51.549827821147,0.573351818737583,0.697345044012483,0.711619407062817,0.0585463303424028,0.0341350496624109,0.00453669665651355,1,1,1,0.0787387129402572,0.100045541224688,0.0875737014417642,82.0336547968663,60.4832217485263,43.3137853049105,1,1,1,0.00503144299641516
-0.0514870382859908,0.00855531502076401,0.00536275335514531,-1,-1,1,0.0545344440824605,0.094539507438197,0.0822057494831476,5.93486458736044,45.8132461521405,44.1165913505994,0.0461193954428165,0.0291710170193518,0.200449357787522,-0.00789784499808601,0.00322928663456418,0.00130734446133267,-1,-1,1,0.126747165336061,0.0955325701768118,0.0832179934662394,63.0025436574448,62.031220203058,50.9807228564524,0,0.176424832561458,0.21526778129461,0.0471794241680151,0.00196595484685532,0.0132858640514542,1,1,-1,0.0965422584562087,0.0973265846815881,0.0745816401552739,63.9061400915572,61.2204217654302,51.549827821147,0.573351818737583,0.697345044012483,0.711619407062817,0.155914174165294
0.0190508255883562,0.0274504164334902,0.0172882691039865,-1,1,1,0.130420012365577,0.114982318228398,0.0949176029711305,43.6720994993399,55.364512688266,51.514186213738,1,1,1,-0.0514870382859908,0.00855531502076401,0.00536275335514531,-1,-1,1,0.0545344440824605,0.094539507438197,0.0822057494831476,5.93486458736044,45.8132461521405,44.1165913505994,0.0461193954428165,0.0291710170193518,0.200449357787522,-0.00789784499808601,0.00322928663456418,0.00130734446133267,-1,-1,1,0.126747165336061,0.0955325701768118,0.0832179934662394,63.0025436574448,62.031220203058,50.9807228564524,0,0.176424832561458,0.21526778129461,0.0522000918013907
0.0710485696543666,0.0107306302217424,0.0224328399420767,1,1,-1,0.0771871004720064,0.100447876635218,0.0953152442519298,99.009900990099,47.1160456226982,54.1334298722907,1,1,1,0.0190508255883562,0.0274504164334902,0.0172882691039865,-1,1,1,0.130420012365577,0.114982318228398,0.0949176029711305,43.6720994993399,55.364512688266,51.514186213738,1,1,1,-0.0514870382859908,0.00855531502076401,0.00536275335514531,-1,-1,1,0.0545344440824605,0.094539507438197,0.0822057494831476,5.93486458736044,45.8132461521405,44.1165913505994,0.0461193954428165,0.0291710170193518,0.200449357787522,-0.0637608351560077
0.0481178102702256,0.00911834668209029,0.0055421507644728,1,1,1,0.109894386557973,0.101835815863649,0.0939857445963665,62.0059545095535,45.8894324899636,53.6206865289443,0,0.678213597572982,0.721619336673163,0.0710485696543666,0.0107306302217424,0.0224328399420767,1,1,-1,0.0771871004720064,0.100447876635218,0.0953152442519298,99.009900990099,47.1160456226982,54.1334298722907,1,1,1,0.0190508255883562,0.0274504164334902,0.0172882691039865,-1,1,1,0.130420012365577,0.114982318228398,0.0949176029711305,43.6720994993399,55.364512688266,51.514186213738,1,1,1,-0.097779928175488
-0.036446890510035,0.0103209891263208,0.00677513788044249,-1,-1,1,0.0786323106436449,0.100191240983696,0.0923668757054902,39.256904514438,46.7982218534488,54.4986714143461,0,0.206069967570882,0.327746451947718,0.0481178102702256,0.00911834668209029,0.0055421507644728,1,1,1,0.109894386557973,0.101835815863649,0.0939857445963665,62.0059545095535,45.8894324899636,53.6206865289443,0,0.678213597572982,0.721619336673163,0.0710485696543666,0.0107306302217424,0.0224328399420767,1,1,-1,0.0771871004720064,0.100447876635218,0.0953152442519298,99.009900990099,47.1160456226982,54.1334298722907,1,1,1,0.111815630225464
-0.0165750443686771,0.0316778265721306,0.0201165707964473,-1,-1,1,0.112483103906858,0.109710698457992,0.0973157801765284,58.0600995510653,56.9026223193087,52.0248611420251,1,0.674802714651402,0.74729802414033,-0.036446890510035,0.0103209891263208,0.00677513788044249,-1,-1,1,0.0786323106436449,0.100191240983696,0.0923668757054902,39.256904514438,46.7982218534488,54.4986714143461,0,0.206069967570882,0.327746451947718,0.0481178102702256,0.00911834668209029,0.0055421507644728,1,1,1,0.109894386557973,0.101835815863649,0.0939857445963665,62.0059545095535,45.8894324899636,53.6206865289443,0,0.678213597572982,0.721619336673163,0.0557929773773008
0.023276226475759,0.011653587214532,0.0195520018240111,1,1,-1,0.108515339202559,0.0884417450223267,0.0970654719503605,46.1517516631384,47.5653019594694,51.7534936966704,1,1,1,-0.0165750443686771,0.0316778265721306,0.0201165707964473,-1,-1,1,0.112483103906858,0.109710698457992,0.0973157801765284,58.0600995510653,56.9026223193087,52.0248611420251,1,0.674802714651402,0.74729802414033,-0.036446890510035,0.0103209891263208,0.00677513788044249,-1,-1,1,0.0786323106436449,0.100191240983696,0.0923668757054902,39.256904514438,46.7982218534488,54.4986714143461,0,0.206069967570882,0.327746451947718,-0.143388149207072
0.00807348613189758,-0.0274640609871606,-0.00836671538270908,1,1,-1,0.134127195760975,0.107273876182221,0.100020513350506,36.8869223830528,45.1903668903445,45.0503105319576,0,0.134354457630791,0.321399944426884,0.023276226475759,0.011653587214532,0.0195520018240111,1,1,-1,0.108515339202559,0.0884417450223267,0.0970654719503605,46.1517516631384,47.5653019594694,51.7534936966704,1,1,1,-0.0165750443686771,0.0316778265721306,0.0201165707964473,-1,-1,1,0.112483103906858,0.109710698457992,0.0973157801765284,58.0600995510653,56.9026223193087,52.0248611420251,1,0.674802714651402,0.74729802414033,-0.0846569374290765
-0.0574173697529493,-0.0316432814417744,-0.011262467379842,-1,-1,-1,0.102346352315272,0.109426891036012,0.101943822937472,32.8550518520538,43.5544686144139,43.5579234365325,0,0,0,0.00807348613189758,-0.0274640609871606,-0.00836671538270908,1,1,-1,0.134127195760975,0.107273876182221,0.100020513350506,36.8869223830528,45.1903668903445,45.0503105319576,0,0.134354457630791,0.321399944426884,0.023276226475759,0.011653587214532,0.0195520018240111,1,1,-1,0.108515339202559,0.0884417450223267,0.0970654719503605,46.1517516631384,47.5653019594694,51.7534936966704,1,1,1,-0.0571961895661478
-0.0950804254007656,-0.0235265337199063,-0.00660277229679277,-1,-1,-1,0.044031242349128,0.104697737597046,0.0982421843757311,0,46.8482157058134,46.0105847627572,0,0,0,-0.0574173697529493,-0.0316432814417744,-0.011262467379842,-1,-1,-1,0.102346352315272,0.109426891036012,0.101943822937472,32.8550518520538,43.5544686144139,43.5579234365325,0,0,0,0.00807348613189758,-0.0274640609871606,-0.00836671538270908,1,1,-1,0.134127195760975,0.107273876182221,0.100020513350506,36.8869223830528,45.1903668903445,45.0503105319576,0,0.134354457630791,0.321399944426884,0.0225470904292849
-0.0397686788553132,-0.0413802416791422,-0.0048512075535058,1,-1,-1,0.0556863043705207,0.0807124031563864,0.0986280447265254,24.1213320353543,29.1768341846624,47.1296396356517,0.387390937118163,0.0690832418307772,0.0690832418307774,-0.0950804254007656,-0.0235265337199063,-0.00660277229679277,-1,-1,-1,0.044031242349128,0.104697737597046,0.0982421843757311,0,46.8482157058134,46.0105847627572,0,0,0,-0.0574173697529493,-0.0316432814417744,-0.011262467379842,-1,-1,-1,0.102346352315272,0.109426891036012,0.101943822937472,32.8550518520538,43.5544686144139,43.5579234365325,0,0,0,-0.028731640489248
-0.0211269132087037,-0.058285165252452,-0.02331578901896,1,1,-1,0.0404118990381062,0.0619403715243307,0.0808721764338024,34.4172559587567,22.314943695804,43.3269562616916,0,0,0,-0.0397686788553132,-0.0413802416791422,-0.0048512075535058,1,-1,-1,0.0556863043705207,0.0807124031563864,0.0986280447265254,24.1213320353543,29.1768341846624,47.1296396356517,0.387390937118163,0.0690832418307772,0.0690832418307774,-0.0950804254007656,-0.0235265337199063,-0.00660277229679277,-1,-1,-1,0.044031242349128,0.104697737597046,0.0982421843757311,0,46.8482157058134,46.0105847627572,0,0,0,0.0379160470319288
0.0105771656573219,-0.0220243260046517,-0.0247441934959062,1,1,1,0.0348989668509678,0.0519238662623426,0.0795047632303685,51.2719187618893,34.7117609032637,41.8418182833811,1,0.59059462116923,0.114218466922605,-0.0211269132087037,-0.058285165252452,-0.02331578901896,1,1,-1,0.0404118990381062,0.0619403715243307,0.0808721764338024,34.4172559587567,22.314943695804,43.3269562616916,0,0,0,-0.0397686788553132,-0.0413802416791422,-0.0048512075535058,1,-1,-1,0.0556863043705207,0.0807124031563864,0.0986280447265254,24.1213320353543,29.1768341846624,47.1296396356517,0.387390937118163,0.0690832418307772,0.0690832418307774,-0.0219252837972595
-0.00424695908485959,-0.00947799527828835,-0.0205606383600314,1,1,1,0.0366724820056932,0.0389694279934861,0.0783153830330783,59.9515238973619,45.6790239104636,44.098208718725,0.417122615988877,0.417122615988875,0.0476431057169957,0.0105771656573219,-0.0220243260046517,-0.0247441934959062,1,1,1,0.0348989668509678,0.0519238662623426,0.0795047632303685,51.2719187618893,34.7117609032637,41.8418182833811,1,0.59059462116923,0.114218466922605,-0.0211269132087037,-0.058285165252452,-0.02331578901896,1,1,-1,0.0404118990381062,0.0619403715243307,0.0808721764338024,34.4172559587567,22.314943695804,43.3269562616916,0,0,0,-0.0345902844343165
-0.00619984039988242,-0.00495681425192208,-0.0142416739859142,-1,1,1,0.0387267246640655,0.0328856385210709,0.0738123838738855,57.2976452690045,51.5480954250444,48.0086287851685,0,0,0,-0.00424695908485959,-0.00947799527828835,-0.0205606383600314,1,1,1,0.0366724820056932,0.0389694279934861,0.0783153830330783,59.9515238973619,45.6790239104636,44.098208718725,0.417122615988877,0.417122615988875,0.0476431057169957,0.0105771656573219,-0.0220243260046517,-0.0247441934959062,1,1,1,0.0348989668509678,0.0519238662623426,0.0795047632303685,51.2719187618893,34.7117609032637,41.8418182833811,1,0.59059462116923,0.114218466922605,-0.0706336499924703
-0.0423830727413488,-0.0235929623362731,-0.0324866020077077,-1,-1,1,0.0252719587003135,0.0391992116847486,0.0605486481599642,0,49.3144629333343,38.0782489478854,0,0,0,-0.00619984039988242,-0.00495681425192208,-0.0142416739859142,-1,1,1,0.0387267246640655,0.0328856385210709,0.0738123838738855,57.2976452690045,51.5480954250444,48.0086287851685,0,0,0,-0.00424695908485959,-0.00947799527828835,-0.0205606383600314,1,1,1,0.0366724820056932,0.0389694279934861,0.0783153830330783,59.9515238973619,45.6790239104636,44.098208718725,0.417122615988877,0.417122615988875,0.0476431057169957,0.0132751017043838
-0.0306496109074677,-0.0151916138975468,-0.0367383895749994,-1,1,1,0.0420929487410301,0.0422085525747584,0.0548891018944944,20.1482656952766,37.6523738798818,28.0596962066703,0.182592892830836,0.0985615195835172,0.0499043433955879,-0.0423830727413488,-0.0235929623362731,-0.0324866020077077,-1,-1,1,0.0252719587003135,0.0391992116847486,0.0605486481599642,0,49.3144629333343,38.0782489478854,0,0,0,-0.00619984039988242,-0.00495681425192208,-0.0142416739859142,-1,1,1,0.0387267246640655,0.0328856385210709,0.0738123838738855,57.2976452690045,51.5480954250444,48.0086287851685,0,0,0,0.0285467260298269
-0.00960394075275321,-0.0170654780979671,-0.0195449020513094,1,1,1,0.0534020101194484,0.0393741969340926,0.0435215610917183,22.8423327235264,33.0377575937242,34.0072170181571,1,0.38490379432088,0.259036497366669,-0.0306496109074677,-0.0151916138975468,-0.0367383895749994,-1,1,1,0.0420929487410301,0.0422085525747584,0.0548891018944944,20.1482656952766,37.6523738798818,28.0596962066703,0.182592892830836,0.0985615195835172,0.0499043433955879,-0.0423830727413488,-0.0235929623362731,-0.0324866020077077,-1,-1,1,0.0252719587003135,0.0391992116847486,0.0605486481599642,0,49.3144629333343,38.0782489478854,0,0,0,0.0523922489968269
0.0314046922436792,-0.00220197153914984,-0.0058399834087191,1,1,1,0.0197145575967181,0.049742960663894,0.0423008604044726,99.009900990099,37.3791251004512,42.0599378380168,1,1,0.728649089084427,-0.00960394075275321,-0.0170654780979671,-0.0195449020513094,1,1,1,0.0534020101194484,0.0393741969340926,0.0435215610917183,22.8423327235264,33.0377575937242,34.0072170181571,1,0.38490379432088,0.259036497366669,-0.0306496109074677,-0.0151916138975468,-0.0367383895749994,-1,1,1,0.0420929487410301,0.0422085525747584,0.0548891018944944,20.1482656952766,37.6523738798818,28.0596962066703,0.182592892830836,0.0985615195835172,0.0499043433955879,-0.0102441704738557
0.0235649348509327,0.00266725125294233,-0.00114478149948988,1,1,1,0.0316139833545127,0.0468897004707693,0.038392350021795,79.7999772044746,43.7125800502586,48.2157520355368,0.800329307958943,0.886646189763235,0.646053938511159,0.0314046922436792,-0.00220197153914984,-0.0058399834087191,1,1,1,0.0197145575967181,0.049742960663894,0.0423008604044726,99.009900990099,37.3791251004512,42.0599378380168,1,1,0.728649089084427,-0.00960394075275321,-0.0170654780979671,-0.0195449020513094,1,1,1,0.0534020101194484,0.0393741969340926,0.0435215610917183,22.8423327235264,33.0377575937242,34.0072170181571,1,0.38490379432088,0.259036497366669,-0.0199831500310962
0.00738830949729169,0.0127973512452172,-0.00539780554552798,-1,1,1,0.0392775744994833,0.0292467945535261,0.0378277529802973,77.6113522200547,67.5103277706898,51.5725865984184,0,0.617041388264714,0.487351628196698,0.0235649348509327,0.00266725125294233,-0.00114478149948988,1,1,1,0.0316139833545127,0.0468897004707693,0.038392350021795,79.7999772044746,43.7125800502586,48.2157520355368,0.800329307958943,0.886646189763235,0.646053938511159,0.0314046922436792,-0.00220197153914984,-0.0058399834087191,1,1,1,0.0197145575967181,0.049742960663894,0.0423008604044726,99.009900990099,37.3791251004512,42.0599378380168,1,1,0.728649089084427,-0.0568593073259508
-0.0290288759436342,-0.00122953056084976,-0.00821057222919826,-1,-1,1,0.0245888514147867,0.0426894446509229,0.040692821927752,0,58.2308496204933,48.055352388931,0,0,0.0527553404983251,0.00738830949729169,0.0127973512452172,-0.00539780554552798,-1,1,1,0.0392775744994833,0.0292467945535261,0.0378277529802973,77.6113522200547,67.5103277706898,51.5725865984184,0,0.617041388264714,0.487351628196698,0.0235649348509327,0.00266725125294233,-0.00114478149948988,1,1,1,0.0316139833545127,0.0468897004707693,0.038392350021795,79.7999772044746,43.7125800502586,48.2157520355368,0.800329307958943,0.886646189763235,0.646053938511159,0.0266853387638975
-0.0167190395310498,-0.00160180801403563,-0.00933364305600138,-1,-1,1,0.0418678610104085,0.0423717956274276,0.0394131936831515,40.987168901966,57.6639019261596,45.8432795271569,0.462246196651446,0.297221984206323,0.309941734034957,-0.0290288759436342,-0.00122953056084976,-0.00821057222919826,-1,-1,1,0.0245888514147867,0.0426894446509229,0.040692821927752,0,58.2308496204933,48.055352388931,0,0,0.0527553404983251,0.00738830949729169,0.0127973512452172,-0.00539780554552798,-1,1,1,0.0392775744994833,0.0292467945535261,0.0378277529802973,77.6113522200547,67.5103277706898,51.5725865984184,0,0.617041388264714,0.487351628196698,0.0380469294980563
0.00262432031200103,-0.00447087191378975,-0.0033364217264698,1,1,-1,0.0518266138555328,0.0380689598435395,0.0417762573838166,36.2745575729107,52.7178578383545,45.2507386223601,1,0.837257148200971,0.754133698832519,-0.0167190395310498,-0.00160180801403563,-0.00933364305600138,-1,-1,1,0.0418678610104085,0.0423717956274276,0.0394131936831515,40.987168901966,57.6639019261596,45.8432795271569,0.462246196651446,0.297221984206323,0.309941734034957,-0.0290288759436342,-0.00122953056084976,-0.00821057222919826,-1,-1,1,0.0245888514147867,0.0426894446509229,0.040692821927752,0,58.2308496204933,48.055352388931,0,0,0.0527553404983251,0.0421489284202681
0.0356270655607407,0.00600774786503501,0.00433749955898867,1,1,1,0.00801077133436559,0.0429768840740403,0.0424401848276506,99.009900990099,48.1132832656791,45.9461829705718,1,1,1,0.00262432031200103,-0.00447087191378975,-0.0033364217264698,1,1,-1,0.0518266138555328,0.0380689598435395,0.0417762573838166,36.2745575729107,52.7178578383545,45.2507386223601,1,0.837257148200971,0.754133698832519,-0.0167190395310498,-0.00160180801403563,-0.00933364305600138,-1,-1,1,0.0418678610104085,0.0423717956274276,0.0394131936831515,40.987168901966,57.6639019261596,45.8432795271569,0.462246196651446,0.297221984206323,0.309941734034957,-0.0716099959911166
0.00286195397573595,-0.00431762132696908,0.00423986495912403,1,-1,-1,0.064527204322584,0.0552357932005373,0.0426325085715916,35.8953305927129,35.6763998785555,45.7929538732514,0,0.31826203689055,0.31826203689055,0.0356270655607407,0.00600774786503501,0.00433749955898867,1,1,1,0.00801077133436559,0.0429768840740403,0.0424401848276506,99.009900990099,48.1132832656791,45.9461829705718,1,1,1,0.00262432031200103,-0.00447087191378975,-0.0033364217264698,1,1,-1,0.0518266138555328,0.0380689598435395,0.0417762573838166,36.2745575729107,52.7178578383545,45.2507386223601,1,0.837257148200971,0.754133698832519,-0.228083073769667
-0.0858480471135053,-0.0385623746157124,-0.0198959525882811,-1,-1,-1,0.135677468014104,0.115813216756773,0.0846067455635411,21.9530856071656,19.2086989609329,32.6871239872543,0,0,0,0.00286195397573595,-0.00431762132696908,0.00423986495912403,1,-1,-1,0.064527204322584,0.0552357932005373,0.0426325085715916,35.8953305927129,35.6763998785555,45.7929538732514,0,0.31826203689055,0.31826203689055,0.0356270655607407,0.00600774786503501,0.00433749955898867,1,1,1,0.00801077133436559,0.0429768840740403,0.0424401848276506,99.009900990099,48.1132832656791,45.9461829705718,1,1,1,-0.00866527143612782
-0.102786113732304,-0.0456324966557175,-0.0236171523348765,-1,-1,-1,0.112982324871102,0.111845254985589,0.0830432781182247,0,28.0632659909735,37.6618954238552,0,0,0,-0.0858480471135053,-0.0385623746157124,-0.0198959525882811,-1,-1,-1,0.135677468014104,0.115813216756773,0.0846067455635411,21.9530856071656,19.2086989609329,32.6871239872543,0,0,0,0.00286195397573595,-0.00431762132696908,0.00423986495912403,1,-1,-1,0.064527204322584,0.0552357932005373,0.0426325085715916,35.8953305927129,35.6763998785555,45.7929538732514,0,0.31826203689055,0.31826203689055,-0.0365686191180133
-0.0911056547746028,-0.0605556063789314,-0.0325132391463606,-1,-1,-1,0.119443539753626,0.102474211081013,0.0786444757974092,0,32.8312112041983,36.5994047131396,0,0,0,-0.102786113732304,-0.0456324966557175,-0.0236171523348765,-1,-1,-1,0.112982324871102,0.111845254985589,0.0830432781182247,0,28.0632659909735,37.6618954238552,0,0,0,-0.0858480471135053,-0.0385623746157124,-0.0198959525882811,-1,-1,-1,0.135677468014104,0.115813216756773,0.0846067455635411,21.9530856071656,19.2086989609329,32.6871239872543,0,0,0,-0.0276066042476682
-0.0242801649339364,-0.0745067129125186,-0.0342494825237418,1,1,-1,0.014245985464158,0.0888370758077285,0.0782890657874726,0,0,35.69000841651,0,0,0,-0.0911056547746028,-0.0605556063789314,-0.0325132391463606,-1,-1,-1,0.119443539753626,0.102474211081013,0.0786444757974092,0,32.8312112041983,36.5994047131396,0,0,0,-0.102786113732304,-0.0456324966557175,-0.0236171523348765,-1,-1,-1,0.112982324871102,0.111845254985589,0.0830432781182247,0,28.0632659909735,37.6618954238552,0,0,0,0.00163171240037169
-0.0208478369884366,-0.059858371234221,-0.032087996280595,1,1,-1,0.0199769125036121,0.0952416707944262,0.0790216651554604,4.83910174576739,2.12289501516142,27.487292140985,0.0583413541968507,0.0216128469481864,0.0036176746593626,-0.0242801649339364,-0.0745067129125186,-0.0342494825237418,1,1,-1,0.014245985464158,0.0888370758077285,0.0782890657874726,0,0,35.69000841651,0,0,0,-0.0911056547746028,-0.0605556063789314,-0.0325132391463606,-1,-1,-1,0.119443539753626,0.102474211081013,0.0786444757974092,0,32.8312112041983,36.5994047131396,0,0,0,-0.0374262744444952
-0.0211337220972639,-0.0217270113691866,-0.0301446929924495,1,1,1,0.0203176090274721,0.0174466961078299,0.078582530686341,4.77833298998725,5.58836147546104,28.4199518509215,0,0,0,-0.0208478369884366,-0.059858371234221,-0.032087996280595,1,1,-1,0.0199769125036121,0.0952416707944262,0.0790216651554604,4.83910174576739,2.12289501516142,27.487292140985,0.0583413541968507,0.0216128469481864,0.0036176746593626,-0.0242801649339364,-0.0745067129125186,-0.0342494825237418,1,1,-1,0.014245985464158,0.0888370758077285,0.0782890657874726,0,0,35.69000841651,0,0,0,-0.0705272080269969
-0.0354405900237068,-0.0340993986873604,-0.0398659476715389,-1,1,1,0.0361204188275143,0.0258022243436657,0.0767629788138342,2.93428839264089,3.6533146620944,28.4369773779752,0,0,0,-0.0211337220972639,-0.0217270113691866,-0.0301446929924495,1,1,1,0.0203176090274721,0.0174466961078299,0.078582530686341,4.77833298998725,5.58836147546104,28.4199518509215,0,0,0,-0.0208478369884366,-0.059858371234221,-0.032087996280595,1,1,-1,0.0199769125036121,0.0952416707944262,0.0790216651554604,4.83910174576739,2.12289501516142,27.487292140985,0.0583413541968507,0.0216128469481864,0.0036176746593626,0.021155288592226
-0.0289327312930887,-0.0225546171453125,-0.041555111762122,-1,1,1,0.0464276345836406,0.0355091278296339,0.0750241711720096,28.1574830876588,20.1369052916208,23.9740756271391,0.292589933088781,0.18755625082983,0.0348091128419297,-0.0354405900237068,-0.0340993986873604,-0.0398659476715389,-1,1,1,0.0361204188275143,0.0258022243436657,0.0767629788138342,2.93428839264089,3.6533146620944,28.4369773779752,0,0,0,-0.0211337220972639,-0.0217270113691866,-0.0301446929924495,1,1,1,0.0203176090274721,0.0174466961078299,0.078582530686341,4.77833298998725,5.58836147546104,28.4199518509215,0,0,0,0.00786577652555167
-0.0138353809697397,-0.0154601409906686,-0.0449834269515936,1,1,1,0.0495441744714758,0.0377220507619517,0.0714735077154286,17.063638402097,15.9166579205374,12.9568526532792,1,0.258309934784559,0.0585794260170337,-0.0289327312930887,-0.0225546171453125,-0.041555111762122,-1,1,1,0.0464276345836406,0.0355091278296339,0.0750241711720096,28.1574830876588,20.1369052916208,23.9740756271391,0.292589933088781,0.18755625082983,0.0348091128419297,-0.0354405900237068,-0.0340993986873604,-0.0398659476715389,-1,1,1,0.0361204188275143,0.0258022243436657,0.0767629788138342,2.93428839264089,3.6533146620944,28.4369773779752,0,0,0,-0.0284510192966941
0.000190015273694532,-0.0214766873300817,-0.0406675292821514,1,1,1,0.0256784818221253,0.0366996245631296,0.0709884476857148,33.7756247904326,24.1928094534517,14.0558074794532,0,0.00780318799916439,0.0029060409045998,-0.0138353809697397,-0.0154601409906686,-0.0449834269515936,1,1,1,0.0495441744714758,0.0377220507619517,0.0714735077154286,17.063638402097,15.9166579205374,12.9568526532792,1,0.258309934784559,0.0585794260170337,-0.0289327312930887,-0.0225546171453125,-0.041555111762122,-1,1,1,0.0464276345836406,0.0355091278296339,0.0750241711720096,28.1574830876588,20.1369052916208,23.9740756271391,0.292589933088781,0.18755625082983,0.0348091128419297,0.0496745854090389
0.0096964475459655,-0.00405651535937488,-0.0128917633642807,1,1,1,0.0390949618870239,0.0465785682962941,0.0344422495579806,50.2788841103724,34.6428130757105,36.5416664916878,1,1,0.277191720064326,0.000190015273694532,-0.0214766873300817,-0.0406675292821514,1,1,1,0.0256784818221253,0.0366996245631296,0.0709884476857148,33.7756247904326,24.1928094534517,14.0558074794532,0,0.00780318799916439,0.0029060409045998,-0.0138353809697397,-0.0154601409906686,-0.0449834269515936,1,1,1,0.0495441744714758,0.0377220507619517,0.0714735077154286,17.063638402097,15.9166579205374,12.9568526532792,1,0.258309934784559,0.0585794260170337,0.0283997325489459
0.0165410995537636,0.0157288727558137,-0.00918526296577334,1,1,1,0.0403902576130053,0.0289654933859231,0.0368573224146842,57.8429585393863,48.4815050921717,35.1518583591876,1,1,0.570923107980554,0.0096964475459655,-0.00405651535937488,-0.0128917633642807,1,1,1,0.0390949618870239,0.0465785682962941,0.0344422495579806,50.2788841103724,34.6428130757105,36.5416664916878,1,1,0.277191720064326,0.000190015273694532,-0.0214766873300817,-0.0406675292821514,1,1,1,0.0256784818221253,0.0366996245631296,0.0709884476857148,33.7756247904326,24.1928094534517,14.0558074794532,0,0.00780318799916439,0.0029060409045998,-0.0899661351886648
-0.00396393907689332,-0.00649541200036447,-0.0145250145728385,1,1,1,0.0752358833475779,0.0548370171036296,0.0443680710908431,30.2605908096102,32.6066909806998,29.976783975391,0,0,0,0.0165410995537636,0.0157288727558137,-0.00918526296577334,1,1,1,0.0403902576130053,0.0289654933859231,0.0368573224146842,57.8429585393863,48.4815050921717,35.1518583591876,1,1,0.570923107980554,0.0096964475459655,-0.00405651535937488,-0.0128917633642807,1,1,1,0.0390949618870239,0.0465785682962941,0.0344422495579806,50.2788841103724,34.6428130757105,36.5416664916878,1,1,0.277191720064326,0.00245908721774245
-0.0197024384739921,-0.00757674986192632,-0.0115184454262974,-1,-1,1,0.0622171164315613,0.0545355082533641,0.0444017876714464,14.6395275747209,31.1952565931253,24.6673592922475,0.026154511281917,0.0261545112819165,0.019435690549471,-0.00396393907689332,-0.00649541200036447,-0.0145250145728385,1,1,1,0.0752358833475779,0.0548370171036296,0.0443680710908431,30.2605908096102,32.6066909806998,29.976783975391,0,0,0,0.0165410995537636,0.0157288727558137,-0.00918526296577334,1,1,1,0.0403902576130053,0.0289654933859231,0.0368573224146842,57.8429585393863,48.4815050921717,35.1518583591876,1,1,0.570923107980554,-0.0666299250644642
